城市名,城市URL
杭州,hangzhou14.html
上海,shanghai2.html
成都,chengdu104.html
厦门,xiamen21.html
台北,taipeicity360.html
香港,hongkong38.html
北京,beijing1.html
苏州,suzhou11.html
南京,nanjing9.html
丽江,lijiang32.html
重庆,chongqing158.html
武汉,wuhan145.html
昆明,kunming29.html
广州,guangzhou152.html
天津,tianjin154.html
深圳,shenzhen26.html
澳门,macau39.html
无锡,wuxi10.html
大理,dali31.html
大连,dalian4.html
长沙,changsha148.html
宁波,ningbo83.html
沈阳,shenyang155.html
桂林,guilin28.html
西安,xian7.html
西双版纳,xishuangbanna30.html
哈尔滨,haerbin151.html
张家界,zhangjiajie23.html
拉萨,lhasa36.html
高雄,gaoxiong756.html
三亚,sanya61.html
扬州,yangzhou12.html
青岛,qingdao5.html
花莲,hualien1366.html
香格里拉,xianggelila106.html
凤凰,fenghuang988.html
北海,beihai140.html
绍兴,shaoxing18.html
南宁,nanning166.html
贵阳,guiyang33.html
阿坝,aba744.html
福州,fuzhou164.html
西宁,xining237.html
阳朔,yangshuo702.html
湘西,xiangxi496.html
秦皇岛,qinhuangdao132.html
长春,changchun216.html
九寨沟,jiuzhaigou25.html
威海,weihai169.html
济南,jinan128.html
珠海,zhuhai27.html
峨眉山,emeishan24.html
海口,haikou37.html
武夷山,wuyishan22.html
舟山,zhoushan479.html
太原,taiyuan167.html
郑州,zhengzhou157.html
银川,yinchuan239.html
嘉兴,jiaxing272.html
乐山,leshan103.html
平遥,pingyao365.html
黄山,huangshan120061.html
烟台,yantai170.html
承德,chengde135.html
乌鲁木齐,urumqi117.html
稻城,daocheng342.html
常州,changzhou206.html
林芝,linzhi126.html
洛阳,luoyang198.html
桐乡,tongxiang220.html
兰州,lanzhou231.html
开封,kaifeng165.html
连云港,lianyungang238.html
屏东,pingtung1364.html
日喀则,rikaze100.html
台南,tainan757.html
呼伦贝尔,hulunbeier458.html
南投,nantou759.html
腾冲,tengchong696.html
台中,taizhong1369.html
敦煌,dunhuang8.html
石家庄,shijiazhuang199.html
嘉善,jiashan1019.html
温州,wenzhou153.html
泉州,quanzhou243.html
上饶,shangrao547.html
景德镇,jingdezhen405.html
迪庆,diqing120009.html
婺源,wuyuan446.html
都江堰,dujiangyan911.html
康定,kangding344.html
湖州,huzhou68.html
南昌,nanchang175.html
牡丹江,mudanjiang264.html
甘孜,ganzi754.html
大同,datong275.html
新北,newtaipeicity2063.html
泰安,taian746.html
佛山,foshan207.html
金华,jinhua219.html
甘南,gannan426.html
安吉,anji686.html
台东,taitung760.html
呼和浩特,huhehaote156.html
昆山,kunshan77.html
宜昌,yichang313.html
阿里,ali99.html
惠州,huizhou213.html
嵊泗,shengsi82.html
合肥,hefei196.html
嘉义市,chiayi758.html
黔东南,qiandongnan2375.html
漠河,mohe983.html
晋中,jinzhong639.html
嘉峪关,jiayuguan284.html
东莞,dongguan212.html
满洲里,manzhouli319.html
肇庆,zhaoqing269.html
镇江,zhenjiang13.html
延边,yanbian415.html
丽水,lishui441.html
日照,rizhao622.html
九江,jiujiang877.html
漳州,zhangzhou334.html
丹东,dandong315.html
葫芦岛,huludao345.html
酒泉,jiuquan282.html
宜兰,yilan1383.html
大邑,dayi3130.html
张掖,zhangye283.html
台州,taizhou402.html
宜春,yichun743.html
韶关,shaoguan222.html
徐州,xuzhou230.html
神农架,shennongjia147.html
吉林市,jilinshi267.html
保定,baoding459.html
南通,nantong85.html
保山,baoshan420.html
中山,zhongshan233.html
清远,qingyuan517.html
色达,sedaxian120478.html